-- 1. Inserción de Categorías (7 registros)
INSERT INTO categorias_medicamentos (nombre) VALUES
('Analgésicos y Antiinflamatorios'), -- 1
('Antibióticos y Antimicrobianos'),  -- 2
('Vitaminas y Suplementos'),         -- 3
('Cardiovasculares'),                -- 4
('Gastrointestinales'),              -- 5
('Respiratorios y Antialérgicos'),   -- 6
('Otros / Misceláneos');             -- 7

-- 2. Inserción de Proveedores (40 registros intactos)
INSERT INTO proveedores (nombre, nit, telefono, direccion, email) VALUES
('Tecnoquímicas S.A.', '800123456-1', '3101234567', 'Calle 10 # 20-30, Cali', 'contacto@tecnoquimicas.com'),
('Genfar', '900234567-2', '3202345678', 'Carrera 15 # 40-50, Bogotá', 'ventas@genfar.com'),
('Bayer de Colombia', '860001122-3', '3003456789', 'Av. El Dorado # 69-40, Bogotá', 'proveedores@bayer.com'),
('Laboratorios Bagó', '901345678-4', '3154567890', 'Calle 80 # 11-22, Medellín', 'info@bago.com.co'),
('Pfizer', '800456789-5', '3115678901', 'Carrera 7 # 71-21, Bogotá', 'ventas.co@pfizer.com'),
('GSK Colombia', '860123987-6', '3126789012', 'Calle 90 # 14-26, Bogotá', 'contacto@gsk.com'),
('Sanofi', '900987654-7', '3137890123', 'Autopista Norte # 100-50, Bogotá', 'info@sanofi.com'),
('Novartis', '860555444-8', '3148901234', 'Carrera 9 # 113-52, Bogotá', 'comercial@novartis.com'),
('Roche', '800333222-9', '3169012345', 'Calle 116 # 7-15, Bogotá', 'ventas@roche.com'),
('Lafrancol', '860111222-0', '3170123456', 'Calle 45 # 13-20, Cali', 'pedidos@lafrancol.com'),
('Abbott Laboratories', '860002233-1', '3181234567', 'Calle 100 # 19-54, Bogotá', 'info@abbott.com.co'),
('Johnson & Johnson', '800555666-2', '3192345678', 'Carrera 43 # 1-50, Medellín', 'contacto@jnj.com'),
('AstraZeneca', '900777888-3', '3103456789', 'Calle 72 # 10-07, Bogotá', 'comercial@astrazeneca.com'),
('Merck', '860888999-4', '3114567890', 'Carrera 11 # 82-01, Bogotá', 'ventas@merck.com'),
('Boehringer Ingelheim', '800999000-5', '3125678901', 'Calle 127 # 14-54, Bogotá', 'info@boehringer.com'),
('Teva Pharmaceuticals', '901111222-6', '3136789012', 'Carrera 15 # 93-60, Bogotá', 'contacto@teva.com'),
('Grunenthal', '860222333-7', '3147890123', 'Calle 94 # 11-30, Bogotá', 'ventas@grunenthal.com'),
('Euroetika', '800444555-8', '3158901234', 'Calle 134 # 7-83, Bogotá', 'pedidos@euroetika.com'),
('Procaps', '900666777-9', '3169012345', 'Vía 40 # 85-85, Barranquilla', 'info@procaps.com.co'),
('MK - McKesson', '860333444-0', '3170123456', 'Carrera 50 # 5-115, Cali', 'ventas@mk.com'),
('Biogen', '901555666-1', '3181112233', 'Calle 116 # 9-72, Bogotá', 'contacto@biogen.com'),
('Gilead Sciences', '800777888-2', '3192223344', 'Av 15 # 100-20, Bogotá', 'info@gilead.com'),
('Amgen', '860999111-3', '3103334455', 'Calle 70 # 7-40, Bogotá', 'ventas@amgen.com'),
('Baxter', '900111333-4', '3114445566', 'Carrera 68 # 17-50, Bogotá', 'pedidos@baxter.com'),
('Fresenius Kabi', '800222444-5', '3125556677', 'Calle 17 # 42-12, Bogotá', 'contacto@fresenius.com'),
('Alcon', '860444666-6', '3136667788', 'Carrera 13 # 96-67, Bogotá', 'info@alcon.com'),
('Biotoscana', '901888999-7', '3147778899', 'Calle 109 # 19-92, Bogotá', 'ventas@biotoscana.com'),
('Ecopetrol Salud', '800555111-8', '3158889900', 'Cr 13 # 36-24, Bogotá', 'salud@ecopetrol.com.co'),
('Cruz Verde Proveeduría', '860777222-9', '3169990011', 'Calle 80 # 69-70, Bogotá', 'logistica@cruzverde.com.co'),
('Colsubsidio Farma', '900333444-0', '3170001122', 'Carrera 10 # 26-21, Bogotá', 'proveedores@colsubsidio.com'),
('Famisanar Proveedores', '800444111-1', '3181113344', 'Calle 100 # 14-60, Bogotá', 'suministros@famisanar.com'),
('Salud Total Insumos', '860555222-2', '3192224455', 'Av Dorado # 69-40, Bogotá', 'compras@saludtotal.com.co'),
('Sura Farma', '901666333-3', '3103335566', 'Carrera 43A # 53-15, Medellín', 'proveedores@sura.com.co'),
('Sanitas Suministros', '800888444-4', '3114446677', 'Calle 100 # 11-20, Bogotá', 'farmacia@sanitas.com'),
('Copidrogas', '860999555-5', '3125557788', 'Autopista Sur # 65-71, Bogotá', 'pedidos@copidrogas.com.co'),
('Drogas La Rebaja Inv', '900111666-6', '3136668899', 'Calle 5 # 38-14, Cali', 'suministros@larebaja.com'),
('Audifarma', '800222777-7', '3147779900', 'Avenida de las Américas # 50-30, Pereira', 'compras@audifarma.com.co'),
('Megalabs', '860333888-8', '3158880011', 'Calle 93 # 12-14, Bogotá', 'contacto@megalabs.com'),
('Asofarma', '901444999-9', '3169991122', 'Carrera 15 # 104-76, Bogotá', 'info@asofarma.com.co'),
('Laboratorios Chalver', '800555000-0', '3170002233', 'Avenida 68 # 39-61, Bogotá', 'ventas@chalver.com.co');

-- 3. Inserción de Productos (45 registros adaptados)
-- Se incluyen valores NULL en registro_invima para probar el ejercicio.
INSERT INTO productos (nombre, descripcion, codigo_barras, precio_venta, stock_minimo, estado_activo, registro_invima, proveedor_id, categoria_id) VALUES
('Acetaminofén 500mg', 'Caja x 100 tabletas, analgésico.', '770001', 15000.00, 20, TRUE, 'INV-1001', 2, 1),
('Ibuprofeno 400mg', 'Caja x 50 grageas, antiinflamatorio.', '770002', 12500.00, 15, TRUE, 'INV-1002', 2, 1),
('Amoxicilina 500mg', 'Caja x 30 cápsulas, antibiótico.', '770003', 22000.00, 10, TRUE, 'INV-1003', 1, 2),
('Loratadina 10mg', 'Caja x 20 tabletas, antihistamínico.', '770004', 8500.00, 10, TRUE, 'INV-1004', 4, 6),
('Omeprazol 20mg', 'Caja x 30 cápsulas, protector gástrico.', '770005', 18000.00, 15, TRUE, 'INV-1005', 1, 5),
('Losartán 50mg', 'Caja x 30 tabletas, antihipertensivo.', '770006', 25000.00, 10, TRUE, 'INV-1006', 5, 4),
('Aspirina 100mg', 'Caja x 100 tabletas, ácido acetilsalicílico.', '770007', 30000.00, 20, TRUE, 'INV-1007', 3, 1),
('Vitamina C 1g', 'Tubo x 10 tabletas efervescentes.', '770008', 14000.00, 15, TRUE, 'INV-1008', 3, 3),
('Diclofenaco 50mg', 'Caja x 20 tabletas, analgésico.', '770009', 9000.00, 10, TRUE, 'INV-1009', 2, 1),
('Salbutamol Inhalador', 'Inhalador 100mcg/dosis, broncodilatador.', '770010', 35000.00, 5, TRUE, 'INV-1010', 6, 6),
('Metformina 850mg', 'Caja x 30 tabletas, control de glucosa.', '770011', 16500.00, 10, TRUE, 'INV-1011', 7, 7),
('Atorvastatina 20mg', 'Caja x 30 tabletas, reductor colesterol.', '770012', 28000.00, 10, TRUE, 'INV-1012', 5, 4),
('Azitromicina 500mg', 'Caja x 3 tabletas, antibiótico macrólido.', '770013', 15500.00, 5, FALSE, NULL, 1, 2), -- NULL 1
('Naproxeno 250mg', 'Caja x 20 cápsulas, dolor e inflamación.', '770014', 11000.00, 10, TRUE, 'INV-1014', 10, 1),
('Complejo B', 'Frasco x 50 grageas, suplemento.', '770015', 21000.00, 10, TRUE, 'INV-1015', 4, 3),
('Alka-Seltzer', 'Caja x 12 sobres efervescentes, antiácido.', '770016', 13000.00, 20, TRUE, 'INV-1016', 3, 5),
('Hidrocortisona 1% Crema', 'Tubo x 15g, corticosteroide tópico.', '770017', 19500.00, 5, TRUE, 'INV-1017', 8, 7),
('Glibenclamida 5mg', 'Caja x 30 tabletas, hipoglucemiante.', '770018', 7500.00, 10, TRUE, 'INV-1018', 2, 7),
('Fluconazol 150mg', 'Caja x 1 cápsula, antimicótico.', '770019', 8000.00, 5, TRUE, 'INV-1019', 9, 2),
('Ivermectina 6mg', 'Caja x 2 tabletas, antiparasitario.', '770020', 10500.00, 5, TRUE, 'INV-1020', 10, 2),
('Clotrimazol 1% Crema', 'Tubo x 40g, antimicótico tópico.', '770021', 14500.00, 8, TRUE, 'INV-1021', 2, 2),
('Levotiroxina 50mcg', 'Caja x 50 tabletas, hormona tiroidea.', '770022', 22500.00, 10, TRUE, 'INV-1022', 11, 7),
('Enalapril 20mg', 'Caja x 20 tabletas, antihipertensivo.', '770023', 9500.00, 15, TRUE, 'INV-1023', 2, 4),
('Tramadol 50mg', 'Caja x 10 cápsulas, analgésico opioide.', '770024', 18000.00, 5, TRUE, 'INV-1024', 17, 1),
('Amlodipino 5mg', 'Caja x 30 tabletas, antihipertensivo.', '770025', 11000.00, 12, TRUE, 'INV-1025', 5, 4),
('Meloxicam 15mg', 'Caja x 10 tabletas, antiinflamatorio.', '770026', 16000.00, 10, TRUE, 'INV-1026', 15, 1),
('Cetirizina 10mg', 'Caja x 10 tabletas, antialérgico.', '770027', 6500.00, 20, TRUE, 'INV-1027', 4, 6),
('Ciprofloxacino 500mg', 'Caja x 10 tabletas, antibiótico.', '770028', 24000.00, 8, TRUE, 'INV-1028', 3, 2),
('Pantoprazol 40mg', 'Caja x 14 tabletas, protector gástrico.', '770029', 32000.00, 10, TRUE, 'INV-1029', 16, 5),
('Pregabalina 75mg', 'Caja x 30 cápsulas, dolor neuropático.', '770030', 45000.00, 5, TRUE, 'INV-1030', 5, 1),
('Clonazepam 2mg', 'Caja x 30 tabletas, ansiolítico.', '770031', 29000.00, 5, TRUE, 'INV-1031', 9, 7),
('Sildenafil 50mg', 'Caja x 2 tabletas, vasodilatador.', '770032', 15000.00, 10, TRUE, 'INV-1032', 5, 4),
('Bisoprolol 5mg', 'Caja x 30 tabletas, betabloqueador.', '770033', 38000.00, 8, TRUE, 'INV-1033', 14, 4),
('Dexametasona 4mg', 'Ampolla 1ml, corticosteroide.', '770034', 5000.00, 20, TRUE, 'INV-1034', 1, 1),
('Ketorolaco 30mg', 'Ampolla 1ml, analgésico potente.', '770035', 7500.00, 15, TRUE, 'INV-1035', 2, 1),
('Desloratadina 5mg', 'Caja x 10 tabletas, antialérgico.', '770036', 12000.00, 15, TRUE, 'INV-1036', 6, 6),
('Esomeprazol 40mg', 'Caja x 14 tabletas, antiácido.', '770037', 41000.00, 10, TRUE, 'INV-1037', 13, 5),
('Alprazolam 0.5mg', 'Caja x 30 tabletas, ansiolítico.', '770038', 19000.00, 5, TRUE, 'INV-1038', 5, 7),
('Metoclopramida 10mg', 'Caja x 20 tabletas, antiemético.', '770039', 8000.00, 10, TRUE, 'INV-1039', 10, 5),
('Ranitidina 150mg', 'Caja x 20 tabletas, antiácido.', '770040', 9000.00, 10, TRUE, 'INV-1040', 6, 5),
('Buscapina Compositum', 'Caja x 20 grageas, antiespasmódico.', '770041', 23000.00, 15, TRUE, 'INV-1041', 15, 5),
('Ginkgo Biloba 80mg', 'Caja x 30 cápsulas, oxigenador.', '770042', 35000.00, 5, TRUE, 'INV-1042', 18, 7),
('Colágeno Hidrolizado', 'Tarro 300g, suplemento articular.', '770043', 65000.00, 5, TRUE, NULL, 19, 3), -- NULL 2
('Ensure Vainilla', 'Tarro 400g, suplemento nutricional.', '770044', 55000.00, 10, TRUE, NULL, 11, 3), -- NULL 3
('Pedialyte Zinc', 'Frasco 500ml, suero oral.', '770045', 12500.00, 20, TRUE, 'INV-1045', 11, 3);

-- 4. Inventario (45 Registros de Movimientos intactos)
INSERT INTO inventario (producto_id, cantidad, tipo_movimiento, observaciones) VALUES
(1, 500, 'entrada', 'Lote de apertura Tecnoquimicas'),
(2, 400, 'entrada', 'Lote de apertura Genfar'),
(3, 200, 'entrada', 'Compra mensual antibióticos'),
(4, 300, 'entrada', 'Stock de temporada alergias'),
(5, 150, 'entrada', 'Reabastecimiento omeprazol'),
(6, 200, 'entrada', 'Pedido mensual hipertensión'),
(7, 600, 'entrada', 'Compra masiva Bayer'),
(8, 250, 'entrada', 'Promoción vit C'),
(9, 300, 'entrada', 'Stock analgesicos'),
(10, 50, 'entrada', 'Inhaladores lote 1'),
(1, 10, 'salida', 'Venta mostrador turno 1'),
(2, 5, 'salida', 'Venta mostrador turno 1'),
(3, 2, 'salida', 'Venta con fórmula médica'),
(15, 100, 'entrada', 'Suplementos vitamínicos ingreso'),
(16, 200, 'entrada', 'Compra Alka-Seltzer Bayer'),
(20, 50, 'entrada', 'Ivermectina lote 2024'),
(25, 100, 'entrada', 'Amlodipino pedido Pfizer'),
(30, 40, 'entrada', 'Pregabalina ingreso especial'),
(44, 80, 'entrada', 'Ensure pedido Abbott'),
(45, 150, 'entrada', 'Suero oral temporada calor'),
(1, 2, 'ajuste', 'Merma por caja rota'),
(44, 1, 'ajuste', 'Ajuste inventario fecha vencida'),
(5, 20, 'salida', 'Venta corporativa empresa A'),
(7, 50, 'salida', 'Venta institucional clínica B'),
(8, 15, 'salida', 'Venta mostrador turno 2'),
(22, 100, 'entrada', 'Levotiroxina reabastecimiento'),
(23, 150, 'entrada', 'Enalapril lote nuevo'),
(28, 60, 'entrada', 'Ciprofloxacino ingreso urgencia'),
(32, 30, 'entrada', 'Sildenafil stock'),
(41, 100, 'entrada', 'Buscapina ingreso Boehringer'),
(10, 2, 'salida', 'Venta mostrador'),
(15, 5, 'salida', 'Venta mostrador'),
(32, 1, 'salida', 'Venta mostrador discreta'),
(41, 3, 'salida', 'Venta mostrador'),
(45, 10, 'salida', 'Venta a cliente recurrente'),
(12, 100, 'entrada', 'Atorvastatina compra'),
(17, 80, 'entrada', 'Crema hidrocortisona ingreso'),
(37, 50, 'entrada', 'Esomeprazol ingreso'),
(38, 30, 'entrada', 'Alprazolam pedido controlado'),
(12, 4, 'salida', 'Venta fórmula EPS'),
(17, 1, 'salida', 'Venta mostrador'),
(37, 2, 'salida', 'Venta mostrador'),
(2, 1, 'ajuste', 'Pérdida desconocida'),
(3, 1, 'ajuste', 'Cápsula rota en mostrador'),
(11, 100, 'entrada', 'Metformina reabastecimiento general');

-- 5. Ventas (40 Registros intactos)
INSERT INTO ventas (venta_id, total_venta, metodo_pago) VALUES
(1, 27500.00, 'efectivo'), (2, 44000.00, 'tarjeta'), (3, 30000.00, 'transferencia'),
(4, 42000.00, 'efectivo'), (5, 34000.00, 'tarjeta'), (6, 15000.00, 'efectivo'),
(7, 70000.00, 'transferencia'), (8, 21000.00, 'efectivo'), (9, 24000.00, 'tarjeta'),
(10, 45500.00, 'transferencia'), (11, 12500.00, 'efectivo'), (12, 55000.00, 'tarjeta'),
(13, 25000.00, 'transferencia'), (14, 18000.00, 'efectivo'), (15, 8500.00, 'efectivo'),
(16, 65000.00, 'tarjeta'), (17, 125000.00, 'transferencia'), (18, 45000.00, 'efectivo'),
(19, 11000.00, 'tarjeta'), (20, 32000.00, 'efectivo'), (21, 29000.00, 'transferencia'),
(22, 15000.00, 'efectivo'), (23, 76000.00, 'tarjeta'), (24, 15000.00, 'efectivo'),
(25, 23000.00, 'transferencia'), (26, 35000.00, 'tarjeta'), (27, 24000.00, 'efectivo'),
(28, 41000.00, 'transferencia'), (29, 19000.00, 'efectivo'), (30, 16000.00, 'tarjeta'),
(31, 27000.00, 'efectivo'), (32, 90000.00, 'transferencia'), (33, 14000.00, 'efectivo'),
(34, 50000.00, 'tarjeta'), (35, 33000.00, 'transferencia'), (36, 19500.00, 'efectivo'),
(37, 10500.00, 'tarjeta'), (38, 14500.00, 'efectivo'), (39, 22500.00, 'transferencia'),
(40, 9500.00, 'efectivo');

-- 6. Detalle de Ventas (50 Registros intactos)
INSERT INTO detalle_ventas (venta_id, producto_id, cantidad, precio_unitario) VALUES
(1, 1, 1, 15000.00), (1, 2, 1, 12500.00), (2, 3, 2, 22000.00), (3, 7, 1, 30000.00), 
(4, 8, 3, 14000.00), (5, 6, 1, 25000.00), (5, 9, 1, 9000.00), (6, 1, 1, 15000.00), 
(7, 10, 2, 35000.00), (8, 15, 1, 21000.00), (9, 18, 1, 7500.00), (9, 11, 1, 16500.00), 
(10, 13, 1, 15500.00), (10, 7, 1, 30000.00), (11, 45, 1, 12500.00), (12, 44, 1, 55000.00), 
(13, 6, 1, 25000.00), (14, 5, 1, 18000.00), (15, 4, 1, 8500.00), (16, 43, 1, 65000.00), 
(17, 44, 2, 55000.00), (17, 1, 1, 15000.00), (18, 30, 1, 45000.00), (19, 14, 1, 11000.00), 
(20, 29, 1, 32000.00), (21, 31, 1, 29000.00), (22, 32, 1, 15000.00), (23, 33, 2, 38000.00), 
(24, 34, 3, 5000.00), (25, 41, 1, 23000.00), (26, 42, 1, 35000.00), (27, 28, 1, 24000.00), 
(28, 37, 1, 41000.00), (29, 38, 1, 19000.00), (30, 39, 2, 8000.00), (31, 40, 3, 9000.00), 
(32, 7, 3, 30000.00), (33, 8, 1, 14000.00), (34, 25, 1, 11000.00), (34, 12, 1, 28000.00), 
(34, 14, 1, 11000.00), (35, 16, 1, 13000.00), (35, 1, 1, 15000.00), (35, 34, 1, 5000.00), 
(36, 17, 1, 19500.00), (37, 20, 1, 10500.00), (38, 21, 1, 14500.00), (39, 22, 1, 22500.00), 
(40, 23, 1, 9500.00);